Zaman damgası,Katılımım gönüllüdür. Yanıtlarım anonim şekilde akademik araştırma kapsamında kullanılabilir. ,Rolünüz,Android geliştirme tecrübeniz,Jetpack Compose ile UI geliştirme tecrübeniz,Daha önce kullandığınız statik analiz araçları,"Bu fonksiyonda UI için kullanılan veriler farklı yerlerden ayrı ayrı alındığı için, ekranın davranışını (UI behavior) anlamak ve değiştirmek zorlaşıyor mu?  
Kod'un tam hali için tıklayın","Bu fonksiyonun çok sayıda UI parçasını ve davranışı (icons, title, indicator, badge, animations) tek bir yerde toplaması, bu bileşeni anlamayı ve değiştirmeyi (understandability / modifiability) zorlaştırıyor mu?  
Kod'un tam hali için tıklayın","UI çizimiyle birlikte çok fazla koşul/karar mantığı aynı yerde toplandığı için bu kodu okumak, test etmek ve küçük bir değişiklik yapmak (understandability / testability / modifiability) zorlaşıyor mu?  
Kod'un tam hali için tıklayın","Bu fonksiyon yalnızca UI’yı çizmeye odaklı olduğu ve davranış/iş mantığı içermediği için, okunması ve değiştirilmesi (understandability / modifiability) kolay bir yapı sunuyor mu?  
Kod'un tam hali için tıklayın","Bu fonksiyonda UI çiziminin içinde çok fazla koşul/karar mantığı bulunduğu için, kodu okumak ve küçük bir değişiklik yapmak (understandability / modifiability) zorlaşıyor mu?  
Kod'un tam hali için tıklayın","Bu fonksiyonda UI çiziminin ötesinde, yapıyı gereksiz yere karmaşıklaştıran (unnecessary complexity) veya değişiklik yapmayı zorlaştıran (hard to modify) bir durum bulunuyor mu?  
Kod'un tam hali için tıklayın","Bu fonksiyonda, aynı ekranda hem filtre menüsü, hem top bar, hem liste yükleme durumları, hem de mesaj menüsü gibi farklı parçalar birlikte yönetildiği için bu kodun bakımını yapmak (okuma, hata ayıklama, güvenli değişiklik yapma) zorlaşıyor mu? 
Kod'un tam hali için tıklayın","UI çiziminin ötesinde bakımı zorlaştıran, gereksiz karmaşıklık yaratan veya değişiklikleri pahalı hale getiren bir problem bulunuyor mu?  
Kod'un tam hali için tıklayın","Bu fonksiyonda, ViewModel’in sorumluluğunda olması beklenen çok sayıda iş kuralı ve karar mekanizması (doğrulama, koşullu akışlar, işlem türüne göre farklı davranışlar vb.) tek bir yerde yürütüldüğü için, kodun bakımını yapmak, test etmek ve güvenli şekilde değiştirmek zorlaşıyor mu? 
Kod'un tam hali için tıklayın","Bu fonksiyonda, yalnızca görseli göstermekle ilgili olan işlemlerin ötesinde, bakımı zorlaştıran veya gereksiz karmaşıklık yaratan bir problem bulunuyor mu?  
Kod'un tam hali için tıklayın","Bu fonksiyonda, farklı durumlara göre çok fazla seçim ve karar aynı yerde yapıldığı için bu kodu genişletmek (yeni alan türü eklemek gibi) ve güvenle değiştirmek zorlaşıyor mu?
Kod'un tam hali için tıklayın","Bu fonksiyonda menü seçenekleri ve onay pencereleri gibi farklı işler aynı yerde toplandığı için, bu kodu güvenli şekilde değiştirmek veya yeni bir seçenek eklemek zorlaşıyor mu?
Kod'un tam hal için tıklayın","Bu fonksiyonda, yalnızca listeyi göstermek yerine; mesaj türüne, ek içeriklere ve farklı alt parçalara göre çok sayıda seçim ve işleme aynı yerde karar verildiği için, bu kodun bakımı (okuma, hata ayıklama, güvenli değişiklik yapma) zorlaşıyor mu? 
Kod'un tam hali için tıklayın","Bu fonksiyonda, UI’yı oluşturmaktan başka, bakımı zorlaştıran veya gereksiz karmaşıklık yaratan bir problem bulunuyor mu?  
Kod'un tam hali için tıklayın","Bu fonksiyonda, uygulamanın genel yapısını kurma görevinin dışında, bakımı zorlaştıran veya gereksiz karmaşıklık yaratan bir problem bulunuyor mu?  
Kod'un tam hali için tıklayın","Bu fonksiyonda, çok fazla veri ileten parametre ve sorumluluk aynı yerde toplandığı için bu bileşeni kullanmak ve değiştirmek (örneğin yeni bir aksiyon eklemek) zorlaşıyor mu?  
Kod'un tam hali için tıklayın","Bu fonksiyonda, görevli kullanıcıları listeleme ve ilgili basit etkileşimleri sunma dışında, bakımı zorlaştıran veya gereksiz karmaşıklık yaratan bir problem bulunuyor mu?  
Kod'un tam hali için tıklayın","Bu fonksiyonda, tek bir bileşenin çok fazla özelleştirilebilir alanı ve seçenekli parçası olduğu için bu bileşeni kullanmak, doğru şekilde yapılandırmak ve değiştirmek zorlaşıyor mu?  
Kod'un tam hali için tıklayın","Bu fonksiyonda bakımı zorlaştıran veya gereksiz karmaşıklık yaratan bir problem bulunuyor mu?  
Kod'un tam hali için tıklayın","Bu fonksiyonda, ekranın durumu ve işlemleri çok parçaya bölünüp aynı yerde ayrı ayrı yönetildiği için, ekranın ne zaman hangi nedenle güncellendiğini takip etmek zorlaşıyor mu?
Kod'un tam hali için tıklayın","Bu fonksiyonda, ekranı çizmenin dışında aynı yerde çok fazla kontrol ve akış yönetimi olduğu için bakımı zorlaştıran veya gereksiz karmaşıklık yaratan bir problem bulunuyor mu?  
Kod'un tam hali için tıklayın","Bu fonksiyonda, ekranın nasıl görüneceğini belirlemek için çok fazla koşul ve farklı durum kontrolü aynı yerde yapıldığı için kodun okunması ve geliştirilmesi zorlaşıyor mu?  
Kod'un tam hali için tıklayın","Bu fonksiyonda  yalnızca yükleniyor durumunu görsel olarak göstermek amacıyla kullanılan yapıların dışında, bakımı zorlaştıran veya gereksiz karmaşıklık yaratan bir problem bulunuyor mu? 
Kod'un tam hali için tıklayın","Bu fonksiyonda, ekran sadece kullanıcıya bilgi göstermesine rağmen, arka planda yapılan işlem adımları ve tekrar denemeler aynı yerde yürütüldüğü için bu kodu test etmek ve güvenle değiştirmek zorlaşıyor mu?  
Kod'un tam hali için tıklayın","Bu fonksiyonda, sekmeli yapıyı ve sayfa geçişlerini yönetme görevinin dışında, bakımı zorlaştıran veya gereksiz karmaşıklık yaratan bir problem bulunuyor mu?  
Kod'un tam hali için tıklayın","Bu fonksiyonda, ekranın ihtiyacı olan bilgiler ViewModel’dan birden fazla ayrı state/akış olarak toplandığı için, ekranın ne zaman yeniden çizileceğini, hangi değişikliğin hangi UI sonucunu doğurduğunu anlamak ve bu ekranı güvenli şekilde değiştirmek zorlaşıyor mu?  
Kod'un tam hali için tıklayın","Bu fonksiyonda, ekranın durumlarına göre farklı içerikler gösterme görevinin dışında, bakımı zorlaştıran veya gereksiz karmaşıklık yaratan bir problem bulunuyor mu?  
Kod'un tam hali için tıklayın","Bu fonksiyonda metnin ekrana sığıp sığmadığını çözmek için UI içinde çok fazla karar ve adım işlendiğinden, bu bileşeni anlamak veya değiştirmek gereksiz yere zorlaşıyor mu? 
Kod'un tam hali için tıklayın","Bu fonksiyonda tek bir öğeyi göstermek ve basit bir kullanıcı etkileşimini yönetmek dışında, bakımı zorlaştıran veya gereksiz karmaşıklık yaratan bir problem bulunuyor mu?  
Kod'un tam hali için tıklayın","Bu fonksiyonun tek bir işi yapmak yerine birden fazla UI bölümünü aynı yerde toplaması nedeniyle, bu yapıyı bölmeden yeni bir özellik eklemek veya değiştirmek zorlaşıyor mu?  
Kod'un tam hali için tıklayın","Bu fonksiyonda bakımı zorlaştıran veya gereksiz karmaşıklık yaratan bir problem bulunuyor mu? 

Kod'un tam hali için tıklayın","Bu fonksiyonda çok fazla özelleştirilebilir bölüm bulunduğu için bu bileşeni doğru kullanmak ve değiştirmek gereksiz yere zorlaşıyor mu? 
Kod'un tam hali için tıklayın","Bu fonksiyon temel UI yapısını açık ve anlaşılır şekilde oluşturduğu için okunabilirlik, bakım veya değiştirme açısından belirgin bir problem oluşturuyor mu?
Kod'un tam hali için tıklayın","Bu fonksiyonda, filtreleri göstermek ve yönetmek için aynı yerde çok sayıda tekrar eden adım ve farklı akış bulunduğu için bu kodu sadeleştirmeden güvenle değiştirmek zorlaşıyor mu?  
Kod'un tam hali için tıklayın","Bu fonksiyonda, düzenleme ekranını göstermek ve kaydetme işlemini başlatmak dışında, bakımı zorlaştıran veya gereksiz karmaşıklık yaratan bir problem bulunuyor mu?  
Kod'un tam hali için tıklayın","Bu fonksiyonda, çok fazla farklı durum ve içerik aynı yerde toplandığı için bu kodun bakımı (okuma, hata ayıklama, güvenli değişiklik yapma) zorlaşıyor mu?  
Kod'un tam hali için tıklayın","Bu fonksiyon içinde birden fazla yan etki (side-effect) aynı yerde yönetildiği için, bu fonksiyonda küçük bir değişiklik yaparken beklenmeyen başka davranışların ortaya çıkma riski artıyor mu?
Kod'un tam hali için tıklayın","Bu fonksiyonda, ekranın durumunu yönetme ve veriyi yönlendirme işleri UI'ın içinde kaldığı için, bu kodun bakımını yapmak (okuma, hata ayıklama, güvenli değişiklik yapma) zorlaşıyor mu? 
Kod'un tam hali için tıklayın","Menünün durumuna bağlı olarak birden fazla yan etki (side-effect) ve durum takibi (state) aynı fonksiyon içinde yönetildiği için, bu bileşenin anlaşılması ve değiştirilmesi zorlaşıyor mu?  

Kod'un tam hali için tıklayın","Bu fonksiyonda, çok sayıda farklı parçayı (başlık, açıklama, yazar, görsel, alt bilgi vb.) aynı bileşen içinde farklı şekillerde ele aldığı için bu bileşeni kullanmak ve bakımını yapmak gereksiz yere zorlaşıyor mu?  
Kod'un tam hali için tıklayın"
31.01.2026 15:20:34,Onaylıyorum,Android Developer,1-3 yıl,1-3 yıl,"Android Lint (Compose), Slack Compose Lints, Compose Stability Analyzer, SonarQube",Evet,Hayır,Hayır,Evet,Evet,Hayır,Evet,Hayır,Evet,Evet,Evet,Evet,Evet,Hayır,Hayır,Evet,Hayır,Evet,Hayır,Evet,Hayır,Evet,Hayır,Evet,Hayır,Evet,Hayır,Evet,Hayır,Evet,Hayır,Evet,Hayır,Evet,Hayır,Evet,Evet,Hayır,Evet,Evet
02.02.2026 20:13:41,Onaylıyorum,Analist,0-1 yıl,0-1 yıl,Android Lint (Compose),Hayır,Hayır,Evet,Evet,Evet,Hayır,Evet,Hayır,Evet,Hayır,Evet,Evet,Evet,Hayır,Hayır,Evet,Emin değilim,Evet,Hayır,Evet,Hayır,Evet,Evet,Hayır,Emin değilim,Hayır,Evet,Hayır,Hayır,Emin değilim,Hayır,Evet,Evet,Emin değilim,Evet,Evet,Evet,Hayır,Emin değilim,Emin değilim
02.02.2026 21:28:06,Onaylıyorum,Analist,0-1 yıl,0-1 yıl,Android Lint (Compose),Hayır,Evet,Evet,Evet,Emin değilim,Hayır,Evet,Hayır,Hayır,Hayır,Hayır,Evet,Evet,Hayır,Evet,Evet,Hayır,Evet,Hayır,Evet,Hayır,Hayır,Hayır,Hayır,Evet,Hayır,Emin değilim,Hayır,Hayır,Emin değilim,Hayır,Evet,Evet,Evet,Hayır,Evet,Evet,Hayır,Hayır,Emin değilim
02.02.2026 21:41:31,Onaylıyorum,Android Developer,0-1 yıl,0-1 yıl,Hiçbiri,Hayır,Evet,Evet,Evet,Evet,Hayır,Evet,Hayır,Hayır,Hayır,Evet,Evet,Evet,Hayır,Hayır,Evet,Hayır,Evet,Hayır,Evet,Hayır,Evet,Evet,Hayır,Hayır,Hayır,Evet,Evet,Hayır,Hayır,Hayır,Evet,Evet,Evet,Evet,Evet,Evet,Hayır,Hayır,Evet
02.02.2026 22:19:33,Onaylıyorum,Android Developer,0-1 yıl,0-1 yıl,,Evet,Evet,Evet,Evet,Evet,Evet,Evet,Evet,Evet,Evet,Evet,Evet,Evet,Hayır,Evet,Evet,Evet,Evet,Hayır,Evet,Evet,Evet,Evet,Evet,Hayır,Evet,Hayır,Hayır,Evet,Evet,Hayır,Hayır,Evet,Evet,Hayır,Evet,Evet,Evet,Evet,Hayır
03.02.2026 11:37:42,Onaylıyorum,Android Developer,5-8 yıl,3-5 yıl,Android Lint (Compose),Evet,Hayır,Evet,Evet,Evet,Hayır,Evet,Hayır,Evet,Evet,Hayır,Evet,Evet,Hayır,Hayır,Evet,Hayır,Evet,Hayır,Evet,Hayır,Evet,Hayır,Evet,Hayır,Evet,Hayır,Evet,Hayır,Hayır,Hayır,Evet,Hayır,Evet,Hayır,Evet,Evet,Hayır,Evet,Evet
10.02.2026 07:12:30,Onaylıyorum,Android Developer,8+ yıl,3-5 yıl,"Android Lint (Compose), Compose Stability Analyzer, Detekt, Ktlint",Evet,Evet,Evet,Evet,Evet,Hayır,Evet,Hayır,Evet,Evet,Evet,Evet,Evet,Hayır,Emin değilim,Evet,Hayır,Hayır,Hayır,Evet,Evet,Evet,Hayır,Evet,Evet,Evet,Hayır,Evet,Hayır,Evet,Hayır,Evet,Hayır,Emin değilim,Hayır,Evet,Evet,Hayır,Evet,Evet
18.02.2026 21:05:30,Onaylıyorum,Android Developer,8+ yıl,5+ yıl,"Android Lint (Compose), Compose Stability Analyzer, Detekt, Ktlint, SonarQube",Evet,Evet,Evet,Evet,Evet,Hayır,Evet,Evet,Evet,Evet,Evet,Evet,Evet,Hayır,Hayır,Evet,Hayır,Hayır,Hayır,Evet,Evet,Hayır,Evet,Evet,Hayır,Hayır,Evet,Hayır,Hayır,Evet,Evet,Evet,Hayır,Evet,Evet,Evet,Evet,Evet,Evet,Hayır
18.02.2026 21:43:24,Onaylıyorum,Android Developer,5-8 yıl,3-5 yıl,"Android Lint (Compose), Detekt, Ktlint, SonarQube",Evet,Evet,Evet,Evet,Evet,Hayır,Evet,Evet,Evet,Evet,Evet,Evet,Evet,Evet,Evet,Evet,Evet,Evet,Evet,Evet,Evet,Evet,Evet,Evet,Hayır,Evet,Evet,Evet,Evet,Evet,Hayır,Evet,Hayır,Hayır,Hayır,Evet,Evet,Evet,Evet,Evet